Data,Temperatura,DiaSemana,Chuva,Vendas
2023-01-01,26.8,6,0.1495699485699055,82
2023-01-02,25.9,0,0.33276355575292527,63
2023-01-03,27.13,1,0.5882867301479289,63
2023-01-04,28.49,2,0.5271537881803791,81
2023-01-05,25.91,3,0.5954997167726032,73
2023-01-06,25.96,4,0.2467202275195979,55
2023-01-07,28.73,5,0.17253879371128078,82
2023-01-08,27.56,6,0.35704848873850187,81
2023-01-09,25.76,0,0.3665866830073135,58
2023-01-10,27.33,1,0.49144643746035516,72
2023-01-11,25.87,2,0.5306642384047746,60
2023-01-12,25.92,3,0.46100464533524194,74
2023-01-13,27.03,4,0.651891616333602,74
2023-01-14,23.85,5,0.29303213029590786,68
2023-01-15,24.18,6,0.5171087909407708,74
2023-01-16,25.97,0,0.39001130228631703,69
2023-01-17,25.35,1,0.36627911446820194,59
2023-01-18,27.39,2,0.27107767763233964,65
2023-01-19,25.6,3,0.5448047827574712,63
2023-01-20,24.89,4,0.5717371100104258,64
2023-01-21,29.26,5,0.49969529338249363,90
2023-01-22,26.77,6,0.1184297160582616,71
2023-01-23,27.26,0,0.35969644691686253,65
2023-01-24,25.07,1,0.2921115151448084,60
2023-01-25,26.44,2,0.23527176577188832,65
2023-01-26,27.46,3,0.629454518106398,80
2023-01-27,25.62,4,0.19736659134644943,56
2023-01-28,27.95,5,0.5147894481459968,86
2023-01-29,26.54,6,0.25488368755577623,86
2023-01-30,27.04,0,0.14912905607090815,80
2023-01-31,26.62,1,0.22134204719344033,64
2023-02-01,30.35,2,0.6309044753654169,84
2023-02-02,27.59,3,0.36593536272863686,73
2023-02-03,26.07,4,0.4101573724221473,65
2023-02-04,28.93,5,0.22065183595572463,87
2023-02-05,25.91,6,0.18325218399351942,78
2023-02-06,28.1,0,0.5435517167785624,60
2023-02-07,24.89,1,0.4097499860437235,63
2023-02-08,25.87,2,0.7161798692735648,64
2023-02-09,28.2,3,0.30991094767639155,72
2023-02-10,29.05,4,0.8270978112329337,86
2023-02-11,28.24,5,0.19180646113009836,82
2023-02-12,27.85,6,0.2327618581163187,81
2023-02-13,27.61,0,0.39041292454685084,80
2023-02-14,25.88,1,0.38232580981526854,59
2023-02-15,27.06,2,0.6067123669252733,65
2023-02-16,27.48,3,0.2541892256441263,69
2023-02-17,29.79,4,0.36391417069885323,83
2023-02-18,28.76,5,0.16293853173195594,88
2023-02-19,25.63,6,0.20601891829394836,68
2023-02-20,28.79,0,0.24567598867445953,73
2023-02-21,27.76,1,0.2018218265527393,68
2023-02-22,27.36,2,0.48182305310198037,69
2023-02-23,29.32,3,0.4658834662585869,79
2023-02-24,29.98,4,0.37292522933940747,82
2023-02-25,29.86,5,0.33900238818823963,83
2023-02-26,27.23,6,0.17197161140299697,86
2023-02-27,28.06,0,0.25304134854449467,73
2023-02-28,29.05,1,0.3999643524259583,83
2023-03-01,30.04,2,0.4928626756105859,82
2023-03-02,27.88,3,0.14388572960602583,77
2023-03-03,28.35,4,0.5220903705141088,76
2023-03-04,26.99,5,0.4258354171681933,87
2023-03-05,26.88,6,0.45757015863835654,82
2023-03-06,29.92,0,0.40711246035431414,79
2023-03-07,30.76,1,0.24844602692046205,94
2023-03-08,28.63,2,0.48883652499627506,79
2023-03-09,30.27,3,0.5226649435041002,84
2023-03-10,29.33,4,0.30079400000566525,71
2023-03-11,27.83,5,0.23539418569264722,77
2023-03-12,29.36,6,0.44445682481706117,91
2023-03-13,31.14,0,0.6353480818272521,85
2023-03-14,28.8,1,0.4506691936747325,72
2023-03-15,31.22,2,0.6507252734042207,86
2023-03-16,24.95,3,0.2793559745056506,68
2023-03-17,30.13,4,0.44870089656851275,84
2023-03-18,29.04,5,0.4477271206583146,82
2023-03-19,28.47,6,0.5152345459464276,85
2023-03-20,29.07,0,0.5598244585736617,72
2023-03-21,25.96,1,0.235036771745461,62
2023-03-22,28.62,2,0.32064161540686625,72
2023-03-23,29.5,3,0.2625538782382475,76
2023-03-24,31.19,4,0.3104335308773827,78
2023-03-25,28.2,5,0.7014177631035362,84
2023-03-26,27.77,6,0.21095797161318938,80
2023-03-27,28.24,0,0.5332605434149943,58
2023-03-28,30.37,1,0.230141125166428,92
2023-03-29,29.49,2,0.10636222525714499,83
2023-03-30,28.2,3,0.23364793924986282,71
2023-03-31,29.77,4,0.6010835220592348,79
2023-04-01,29.15,5,0.2745572865856518,83
2023-04-02,30.45,6,0.23540998669039162,102
2023-04-03,27.95,0,0.11804746939044848,81
2023-04-04,28.51,1,0.06284261015661761,75
2023-04-05,28.41,2,0.3844742564160604,79
2023-04-06,26.79,3,0.04893101471933937,68
2023-04-07,29.43,4,0.17349961418430612,71
2023-04-08,29.37,5,0.040954458089373424,87
2023-04-09,28.98,6,0.3033777072867217,89
2023-04-10,28.61,0,0.36863585890307,72
2023-04-11,26.83,1,0.12578624557376678,66
2023-04-12,28.32,2,0.09636743390826216,73
2023-04-13,28.42,3,0.17239112941384216,73
2023-04-14,27.72,4,0.4207286165963014,71
2023-04-15,28.67,5,0.6287893036444713,81
2023-04-16,29.51,6,0.23818090756512164,86
2023-04-17,31.72,0,0.09370039740847413,80
2023-04-18,29.14,1,0.08902294279338938,81
2023-04-19,29.25,2,0.4728700122909002,66
2023-04-20,28.73,3,0.25773685732397544,81
2023-04-21,25.95,4,0.3195270129604229,71
2023-04-22,28.77,5,0.16146884033247377,86
2023-04-23,28.88,6,0.127258216675764,75
2023-04-24,32.47,0,0.16538813958012422,88
2023-04-25,28.46,1,0.17549319461391238,74
2023-04-26,29.18,2,0.22539546820523157,72
2023-04-27,28.66,3,0.07160149760130999,72
2023-04-28,26.93,4,0.13805160356070706,75
2023-04-29,30.38,5,0.2355974231076647,97
2023-04-30,29.77,6,0.12571737059055588,86
2023-05-01,29.8,0,0.11682996873945799,71
2023-05-02,27.23,1,0.024789198372111482,67
2023-05-03,30.67,2,0.26545871247048575,82
2023-05-04,26.43,3,0.23726225008008453,68
2023-05-05,29.39,4,0.31142523101151043,75
2023-05-06,31.76,5,0.16508558546173957,102
2023-05-07,26.96,6,0.2675277884775349,90
2023-05-08,27.57,0,0.0609222675471141,74
2023-05-09,28.54,1,0.23426391112302933,74
2023-05-10,27.6,2,0.05605661647543926,69
2023-05-11,26.0,3,0.14796891284423558,62
2023-05-12,28.39,4,0.21152258578577054,79
2023-05-13,26.66,5,0.16532069920461387,76
2023-05-14,28.93,6,0.11638906109934705,88
2023-05-15,26.81,0,0.06185457232557927,67
2023-05-16,30.48,1,0.04930500144605002,79
2023-05-17,26.94,2,0.07238601505617599,61
2023-05-18,27.6,3,0.16708972840745423,72
2023-05-19,29.26,4,0.2765860142177174,77
2023-05-20,26.16,5,0.28328019327579873,79
2023-05-21,28.31,6,0.2268892090331829,83
2023-05-22,29.89,0,0.24956859327034128,86
2023-05-23,25.48,1,0.09443539792482111,58
2023-05-24,28.12,2,0.10042402765971292,81
2023-05-25,28.19,3,0.2979880989740228,64
2023-05-26,28.94,4,0.10662251982603713,78
2023-05-27,25.87,5,0.15942433389547356,78
2023-05-28,25.7,6,0.23224089281859378,71
2023-05-29,28.42,0,0.06713892817248197,76
2023-05-30,28.04,1,0.40495924083731355,79
2023-05-31,27.92,2,0.1955678687684398,61
2023-06-01,28.02,3,0.14939985573247094,75
2023-06-02,26.44,4,0.0952393755204161,53
2023-06-03,27.76,5,0.20383041339638364,78
2023-06-04,27.81,6,0.10369474691549707,91
2023-06-05,26.25,0,0.15385433697446857,62
2023-06-06,30.07,1,0.5598999016115086,74
2023-06-07,27.94,2,0.2080218531711654,71
2023-06-08,25.39,3,0.09272880876057517,72
2023-06-09,28.12,4,0.2101045188980614,63
2023-06-10,25.62,5,0.07622861071198953,69
2023-06-11,28.22,6,0.17535831787857467,92
2023-06-12,28.73,0,0.5154693490030103,84
2023-06-13,25.71,1,0.008863483537066489,62
2023-06-14,28.34,2,0.2357878157482473,67
2023-06-15,27.46,3,0.003209456786476184,80
2023-06-16,28.02,4,0.34721709060084904,80
2023-06-17,29.59,5,0.11000366025913447,94
2023-06-18,26.32,6,0.13638057967159153,73
2023-06-19,25.51,0,0.256418674175763,62
2023-06-20,25.26,1,0.03382892391513932,60
2023-06-21,25.32,2,0.08379110960036248,63
2023-06-22,26.37,3,0.1837433285025178,73
2023-06-23,26.95,4,0.2357653400105532,72
2023-06-24,26.8,5,0.13701345630774833,74
2023-06-25,27.58,6,0.26717876377426886,89
2023-06-26,26.3,0,0.08281227178568543,67
2023-06-27,28.41,1,0.06809965982541323,77
2023-06-28,25.78,2,0.016803891397891117,70
2023-06-29,30.21,3,0.1998876210484463,75
2023-06-30,27.02,4,0.42169784048600123,68
2023-07-01,24.74,5,0.12888680518610957,68
2023-07-02,24.37,6,0.16870544085850805,62
2023-07-03,26.65,0,0.06590642125454993,68
2023-07-04,25.54,1,0.14915677816672598,75
2023-07-05,26.89,2,0.0654702826882816,58
2023-07-06,26.48,3,0.19277583953491825,66
2023-07-07,25.61,4,0.2596835762966204,66
2023-07-08,24.39,5,0.17815946859092757,70
2023-07-09,23.34,6,0.2766044542402781,65
2023-07-10,24.89,0,0.11611806420990615,53
2023-07-11,26.8,1,0.23920155141404073,68
2023-07-12,25.78,2,0.08316401174271823,59
2023-07-13,23.54,3,0.17892513348996464,43
2023-07-14,25.62,4,0.2385476809151611,68
2023-07-15,25.89,5,0.21294364775543917,80
2023-07-16,23.93,6,0.19880190161434177,68
2023-07-17,25.44,0,0.3476331067036392,63
2023-07-18,25.25,1,0.23856457158595265,66
2023-07-19,23.4,2,0.21511989955816727,55
2023-07-20,25.6,3,0.17237623046900183,67
2023-07-21,25.85,4,0.2872821336847712,62
2023-07-22,26.59,5,0.37927587351929987,85
2023-07-23,26.5,6,0.35614759374688326,80
2023-07-24,22.8,0,0.09801408082890446,52
2023-07-25,23.41,1,0.3567148622290067,47
2023-07-26,25.54,2,0.3756542259730918,64
2023-07-27,25.5,3,0.18298505730788445,58
2023-07-28,25.45,4,0.14157539894373475,59
2023-07-29,30.41,5,0.075566352582787,90
2023-07-30,25.44,6,0.20334115648311116,68
2023-07-31,26.24,0,0.02313207199179147,76
2023-08-01,25.93,1,0.3724394353980793,70
2023-08-02,25.43,2,0.4848322740780257,71
2023-08-03,23.93,3,0.27632810264131097,50
2023-08-04,25.5,4,0.08795681434403896,62
2023-08-05,23.16,5,0.37230628907912877,58
2023-08-06,23.92,6,0.0037586230118304585,64
2023-08-07,23.51,0,0.09854718016903566,49
2023-08-08,24.32,1,0.1702468722304021,63
2023-08-09,27.63,2,0.12977828410193032,69
2023-08-10,21.31,3,0.5198798180238569,51
2023-08-11,25.1,4,0.08108498727213481,63
2023-08-12,21.62,5,0.09691616429602892,70
2023-08-13,23.29,6,0.3217935087615921,58
2023-08-14,25.59,0,0.10498617435066965,69
2023-08-15,24.02,1,0.22601942375883022,62
2023-08-16,22.27,2,0.23726519614148972,44
2023-08-17,22.77,3,0.2650482689635948,56
2023-08-18,24.83,4,0.11339433463288819,61
2023-08-19,22.68,5,0.1293776469406567,62
2023-08-20,24.07,6,0.12358011254944323,64
2023-08-21,23.78,0,0.2671292492227044,52
2023-08-22,22.7,1,0.20231247734140984,61
2023-08-23,26.86,2,0.20010238061155958,67
2023-08-24,24.56,3,0.06078272742718644,62
2023-08-25,20.54,4,0.1696917022441858,38
2023-08-26,23.83,5,0.1579008721387218,63
2023-08-27,22.53,6,0.1596898579724152,68
2023-08-28,24.77,0,0.13959004515643253,52
2023-08-29,22.28,1,0.21834337159766012,47
2023-08-30,23.26,2,0.07274371629052251,53
2023-08-31,24.17,3,0.10332347159372039,57
2023-09-01,24.68,4,0.11371929834472534,58
2023-09-02,21.56,5,0.1253829949247771,60
2023-09-03,22.83,6,0.04915111108283476,67
2023-09-04,22.6,0,0.11937333673679403,54
2023-09-05,22.31,1,0.2149335093387494,44
2023-09-06,25.92,2,0.08374418456080271,62
2023-09-07,23.85,3,0.3918003182250827,61
2023-09-08,21.34,4,0.028814681731218282,50
2023-09-09,24.58,5,0.28675305812359697,63
2023-09-10,26.37,6,0.06283814942748435,79
2023-09-11,24.72,0,0.3137800902436392,49
2023-09-12,20.88,1,0.14306007019324152,44
2023-09-13,22.41,2,0.22580443528713046,59
2023-09-14,25.02,3,0.18737770241273904,55
2023-09-15,22.05,4,0.21229291633006653,44
2023-09-16,23.76,5,0.0736037610103609,71
2023-09-17,24.25,6,0.38590860323408016,61
2023-09-18,21.68,0,0.08065643593531517,44
2023-09-19,22.97,1,0.3773266766182323,55
2023-09-20,18.19,2,0.10957862274595848,30
2023-09-21,21.51,3,0.09296615939974899,45
2023-09-22,22.66,4,0.13619603337817665,54
2023-09-23,21.15,5,0.19639761735258313,59
2023-09-24,25.47,6,0.11715358246583459,75
2023-09-25,20.87,0,0.2787288333756821,42
2023-09-26,22.35,1,0.11522133049959093,51
2023-09-27,23.2,2,0.2770452525053288,52
2023-09-28,25.17,3,0.42515797461897736,63
2023-09-29,20.85,4,0.22373217140728505,41
2023-09-30,24.74,5,0.17536396860000705,70
2023-10-01,23.02,6,0.09067096146368515,59
2023-10-02,21.53,0,0.21194143355975723,46
2023-10-03,23.7,1,0.1356871821776573,51
2023-10-04,23.3,2,0.18387373789908076,48
2023-10-05,22.11,3,0.3296408587796999,50
2023-10-06,23.12,4,0.2628565008229377,54
2023-10-07,22.44,5,0.03173402607791198,66
2023-10-08,23.19,6,0.3829961491325119,63
2023-10-09,24.02,0,0.17950415336056935,58
2023-10-10,25.42,1,0.3184228907667513,64
2023-10-11,21.19,2,0.10254802063725126,47
2023-10-12,26.26,3,0.17498382823547207,61
2023-10-13,20.14,4,0.13017959777984323,41
2023-10-14,22.85,5,0.3944611713682462,65
2023-10-15,23.97,6,0.5517680904522717,68
2023-10-16,23.52,0,0.06253981393431968,44
2023-10-17,22.18,1,0.0976770590880267,50
2023-10-18,22.82,2,0.25958185994065597,62
2023-10-19,22.41,3,0.1691348824611252,48
2023-10-20,22.28,4,0.030046699358517902,45
2023-10-21,24.45,5,0.07845981107079496,72
2023-10-22,23.73,6,0.10491401569081474,68
2023-10-23,22.18,0,0.20903265639753343,55
2023-10-24,24.59,1,0.21112745714814904,52
2023-10-25,23.72,2,0.3446192387941173,59
2023-10-26,24.5,3,0.08579744604637358,61
2023-10-27,24.25,4,0.12072798058336778,56
2023-10-28,22.08,5,0.1160342072890089,62
2023-10-29,22.51,6,0.15086139195006112,67
2023-10-30,24.49,0,0.01029941457091034,62
2023-10-31,24.31,1,0.10792621380563898,52
2023-11-01,23.39,2,0.2725126456144068,58
2023-11-02,23.63,3,0.168138100779002,54
2023-11-03,25.39,4,0.4781464111343929,62
2023-11-04,22.62,5,0.49052992224345926,63
2023-11-05,24.36,6,0.542197636771139,69
2023-11-06,23.26,0,0.4336907289366929,59
2023-11-07,23.27,1,0.5991484491763501,53
2023-11-08,25.28,2,0.21695372024211126,56
2023-11-09,24.9,3,0.6663537543168095,58
2023-11-10,24.91,4,0.19424651666756587,61
2023-11-11,25.68,5,0.5136875058472519,81
2023-11-12,23.79,6,0.3290209289472174,70
2023-11-13,24.82,0,0.4981063761141066,55
2023-11-14,23.36,1,0.4270283598868508,66
2023-11-15,24.35,2,0.1379758092340419,59
2023-11-16,23.71,3,0.3342096367169247,61
2023-11-17,24.08,4,0.4517152932123032,56
2023-11-18,24.87,5,0.5604289705273892,74
2023-11-19,22.79,6,0.35728435196627506,67
2023-11-20,27.19,0,0.601192708348325,75
2023-11-21,22.58,1,0.19631145399720762,56
2023-11-22,22.31,2,0.26273573373328535,54
2023-11-23,25.91,3,0.6745486034854323,62
2023-11-24,25.4,4,0.21351847056831563,59
2023-11-25,25.19,5,0.18325828191875235,74
2023-11-26,25.24,6,0.3446757571636142,78
2023-11-27,24.32,0,0.47790668762163885,56
2023-11-28,23.04,1,0.18845453637903656,57
2023-11-29,24.54,2,0.2761682104712162,65
2023-11-30,23.46,3,0.3217199384557792,49
2023-12-01,25.98,4,0.5092410414116026,60
2023-12-02,24.34,5,0.3285156408250114,69
2023-12-03,23.37,6,0.5505143040332597,67
2023-12-04,24.17,0,0.6988122364659307,54
2023-12-05,25.32,1,0.5686040760607356,68
2023-12-06,23.9,2,0.5513511202927702,58
2023-12-07,23.56,3,0.2887896659865957,54
2023-12-08,25.21,4,0.6335282707974212,54
2023-12-09,25.26,5,0.41922818438715503,66
2023-12-10,24.18,6,0.3450237847344652,70
2023-12-11,24.28,0,0.25563172455796856,46
2023-12-12,25.38,1,0.38598112123461525,67
2023-12-13,22.91,2,0.3655475727719579,51
2023-12-14,23.02,3,0.2782862902194708,68
2023-12-15,24.11,4,0.33954626952656297,68
2023-12-16,24.91,5,0.41996741786780206,71
2023-12-17,25.75,6,0.33962928104873735,74
2023-12-18,27.55,0,0.5598849038928393,75
2023-12-19,26.67,1,0.4484723064539918,75
2023-12-20,25.2,2,0.5661311720069596,53
2023-12-21,25.46,3,0.3016896409437331,53
2023-12-22,24.03,4,0.40032747970410865,53
2023-12-23,25.56,5,0.2580531181571195,77
2023-12-24,25.21,6,0.7559355128419663,75
2023-12-25,26.17,0,0.19968724274817398,70
2023-12-26,24.5,1,0.30140171538753674,52
2023-12-27,26.57,2,0.23136328776654408,55
2023-12-28,28.14,3,0.540377559071125,77
2023-12-29,25.73,4,0.31259326010683286,59
2023-12-30,26.55,5,0.20424505091485,68
2023-12-31,27.04,6,0.5337945859625312,81
2024-01-01,25.45,0,0.29056207604659595,66
2024-01-02,26.44,1,0.23068574508939332,65
2024-01-03,26.17,2,0.5473372871934556,62
2024-01-04,26.35,3,0.18862931896118085,65
2024-01-05,25.1,4,0.32487454091589285,59
2024-01-06,26.35,5,0.07722930487525927,71
2024-01-07,27.11,6,0.3513272069230399,77
2024-01-08,28.59,0,0.5711400223688641,77
2024-01-09,27.9,1,0.19623978328477681,73
2024-01-10,29.74,2,0.36029629956276066,80
2024-01-11,25.41,3,0.4609569156659918,57
2024-01-12,27.92,4,0.6499250698753618,71
2024-01-13,26.94,5,0.43240590330320455,69
2024-01-14,30.0,6,0.17218130327158118,93
2024-01-15,25.55,0,0.3010178171446408,69
2024-01-16,25.56,1,0.6968535764133463,55
2024-01-17,25.97,2,0.3817087413887905,61
2024-01-18,23.73,3,0.5934631130432592,57
2024-01-19,26.18,4,0.27660934779583884,71
2024-01-20,25.87,5,0.34484460943359435,73
2024-01-21,27.29,6,0.5906908363997955,78
2024-01-22,27.62,0,0.6616009725149877,61
2024-01-23,29.97,1,0.40710082744994985,80
2024-01-24,28.63,2,0.36052702518115937,85
2024-01-25,26.39,3,0.5930011757466516,67
2024-01-26,25.95,4,0.45294240867772967,64
2024-01-27,28.08,5,0.3680845289181908,86
2024-01-28,25.41,6,0.3146924907742733,74
2024-01-29,30.18,0,0.1415190309716808,77
2024-01-30,29.25,1,0.4955056036324616,81
2024-01-31,26.82,2,0.37344879918280094,68
2024-02-01,25.0,3,0.2689886263072589,60
2024-02-02,29.64,4,0.5846596361661027,74
2024-02-03,27.49,5,0.5612340052498315,88
2024-02-04,29.56,6,0.32958131193508877,94
2024-02-05,25.35,0,0.410457403062319,59
2024-02-06,26.89,1,0.3666453648662325,73
2024-02-07,27.83,2,0.28898479765908963,69
2024-02-08,27.94,3,0.5232334945797177,68
2024-02-09,27.23,4,0.3424033047761731,65
2024-02-10,28.88,5,0.5234488387570395,79
2024-02-11,26.38,6,0.439978439706498,80
2024-02-12,27.81,0,0.2626699245954081,62
2024-02-13,28.24,1,0.48997476507066257,67
2024-02-14,28.87,2,0.4185822177135383,65
2024-02-15,29.2,3,0.468636611313764,76
2024-02-16,26.48,4,0.26463399091983786,65
2024-02-17,25.91,5,0.3840925801273956,74
2024-02-18,30.16,6,0.3496588034434706,87
2024-02-19,28.77,0,0.6270893658264144,69
2024-02-20,27.19,1,0.36148462197106773,71
2024-02-21,30.67,2,0.20174201522544868,80
2024-02-22,28.55,3,0.4390555246631517,76
2024-02-23,30.17,4,0.10841835797643447,76
2024-02-24,28.54,5,0.21995754619601404,87
2024-02-25,31.56,6,0.5984337937155346,105
2024-02-26,31.13,0,0.5955531101870732,87
2024-02-27,28.15,1,0.3070714336866222,71
2024-02-28,30.01,2,0.32877822897685316,81
2024-02-29,29.54,3,0.25467920190048665,77
2024-03-01,30.66,4,0.2402169135392502,83
2024-03-02,27.18,5,0.5116930543620858,79
2024-03-03,29.68,6,0.5570709513503403,90
2024-03-04,30.26,0,0.1830241991381774,82
2024-03-05,26.06,1,0.6102552088003167,59
2024-03-06,26.95,2,0.2814479461274345,63
2024-03-07,25.68,3,0.16057805681034423,56
2024-03-08,28.36,4,0.10174530413729165,65
2024-03-09,29.86,5,0.38428026517110553,85
2024-03-10,31.06,6,0.5924065490512845,97
2024-03-11,28.93,0,0.4846588083776758,71
2024-03-12,31.28,1,0.19707113240682986,88
2024-03-13,26.78,2,0.405868079913962,67
2024-03-14,26.31,3,0.561253506429585,55
2024-03-15,28.8,4,0.358861326497184,78
2024-03-16,29.47,5,0.775813710523959,94
2024-03-17,28.86,6,0.4602426823981938,82
2024-03-18,25.82,0,0.5653745237432178,65
2024-03-19,28.8,1,0.4287808141707097,71
2024-03-20,26.99,2,0.37854055256795116,68
2024-03-21,29.96,3,0.3739811641991034,74
2024-03-22,29.51,4,0.6734324642395261,69
2024-03-23,27.56,5,0.3250346611443253,80
2024-03-24,28.21,6,0.4784752980795531,84
2024-03-25,27.39,0,0.21868396342137927,68
2024-03-26,28.89,1,0.25898593211750265,70
2024-03-27,30.42,2,0.23248193196518455,80
2024-03-28,27.52,3,0.2652166848198476,71
2024-03-29,29.75,4,0.5069983717075257,79
2024-03-30,28.2,5,0.4878387759822565,86
2024-03-31,27.81,6,0.4732268555221869,80
2024-04-01,28.84,0,0.12251685539484503,81
2024-04-02,27.45,1,0.16607555372963045,64
2024-04-03,28.17,2,0.07598266860476864,75
2024-04-04,27.2,3,0.1599799231323441,75
2024-04-05,31.94,4,0.23080298634418508,90
2024-04-06,29.04,5,0.13202839363036087,87
2024-04-07,27.93,6,0.25164540850706585,81
2024-04-08,29.29,0,0.25797869691472497,82
2024-04-09,28.8,1,0.04909846038623153,68
2024-04-10,28.63,2,0.2710601378845255,70
2024-04-11,29.87,3,0.421579400533326,77
2024-04-12,30.08,4,0.046815805228068115,86
2024-04-13,28.13,5,0.2916833035720893,86
2024-04-14,28.05,6,0.27033258677185906,79
2024-04-15,28.49,0,0.13093946634425302,72
2024-04-16,25.44,1,0.1332703419750119,59
2024-04-17,26.6,2,0.07438096542140167,63
2024-04-18,30.91,3,0.29901511468278974,89
2024-04-19,31.31,4,0.054685741795412815,78
2024-04-20,28.45,5,0.12871047825596077,94
2024-04-21,29.68,6,0.34510212508197885,95
2024-04-22,29.26,0,0.1938403591948286,82
2024-04-23,33.39,1,0.38155096080669476,91
2024-04-24,30.43,2,0.22035546839849088,81
2024-04-25,28.54,3,0.08086733047648503,67
2024-04-26,27.28,4,0.17893344457636304,66
2024-04-27,26.28,5,0.23118042465132244,80
2024-04-28,28.97,6,0.10750177794452294,94
2024-04-29,27.51,0,0.2318513119641133,64
2024-04-30,26.48,1,0.12563819767314413,64
2024-05-01,27.62,2,0.32479390531839814,70
2024-05-02,26.94,3,0.0965941717634346,61
2024-05-03,31.07,4,0.3140709835655377,87
2024-05-04,29.83,5,0.3467165836075796,88
2024-05-05,28.47,6,0.1150477615778873,85
2024-05-06,30.67,0,0.5241060873919423,80
2024-05-07,28.54,1,0.1809238531898359,70
2024-05-08,27.1,2,0.08551696703569392,68
2024-05-09,30.64,3,0.06936064422312155,81
2024-05-10,29.13,4,0.11790834850508439,75
2024-05-11,26.74,5,0.12991424919030486,75
2024-05-12,27.97,6,0.3024307956080968,85
2024-05-13,26.91,0,0.1947812027841056,76
2024-05-14,26.11,1,0.16844502432831102,65
2024-05-15,29.54,2,0.5876417201534803,83
2024-05-16,30.98,3,0.2657426058717127,77
2024-05-17,25.98,4,0.13719512068068476,65
2024-05-18,28.89,5,0.18265029175798977,82
2024-05-19,27.03,6,0.19579971911561034,73
2024-05-20,27.23,0,0.005691142702715017,65
2024-05-21,27.04,1,0.21894550148911934,74
2024-05-22,26.59,2,0.056631734828958454,71
2024-05-23,27.92,3,0.3235620539889105,73
2024-05-24,26.56,4,0.022357643749274392,59
2024-05-25,28.17,5,0.23710253792075775,84
2024-05-26,27.65,6,0.1963658683308277,84
2024-05-27,27.32,0,0.11210294412456887,70
2024-05-28,26.27,1,0.2365019686904125,56
2024-05-29,26.73,2,0.09848845216737616,62
2024-05-30,28.68,3,0.0957937123291034,74
2024-05-31,28.26,4,0.1911504478221626,76
2024-06-01,25.99,5,0.2699991590311289,65
2024-06-02,27.56,6,0.08536963077499186,81
2024-06-03,28.49,0,0.1386036330606785,75
2024-06-04,24.82,1,0.3211667693654658,64
2024-06-05,28.09,2,0.0693155242396612,76
2024-06-06,26.23,3,0.08876154436572839,68
2024-06-07,28.04,4,0.20751648663353717,68
2024-06-08,25.99,5,0.25292513320342347,66
2024-06-09,24.38,6,0.24542161460639725,68
2024-06-10,24.6,0,0.15831561442260295,63
2024-06-11,27.06,1,0.29457875333486866,75
2024-06-12,27.33,2,0.2349916404169023,73
2024-06-13,25.53,3,0.27305285356041353,64
2024-06-14,27.8,4,0.19283147817891813,73
2024-06-15,24.3,5,0.11830554517760196,66
2024-06-16,26.64,6,0.037547062883808505,78
2024-06-17,24.87,0,0.21723529797361865,68
2024-06-18,25.66,1,0.05479988572610929,58
2024-06-19,26.66,2,0.12261158154016139,75
2024-06-20,25.25,3,0.04427230558378297,59
2024-06-21,25.91,4,0.28101404607461045,70
2024-06-22,27.95,5,0.10549145433350232,77
2024-06-23,25.52,6,0.3938983997999414,77
2024-06-24,27.59,0,0.19549096117673073,67
2024-06-25,24.59,1,0.38139442974089244,51
2024-06-26,27.03,2,0.053149890939027375,69
2024-06-27,28.34,3,0.2980001677546942,78
2024-06-28,22.42,4,0.19055642896738526,45
2024-06-29,24.88,5,0.2720736472651454,64
2024-06-30,26.89,6,0.10177162593206356,79
2024-07-01,25.67,0,0.18911144738398913,62
2024-07-02,26.48,1,0.2774666142080046,69
2024-07-03,24.96,2,0.20881630092067674,65
2024-07-04,25.95,3,0.2566251578844679,63
2024-07-05,25.53,4,0.24338345256557697,71
2024-07-06,27.47,5,0.30270183578392446,83
2024-07-07,26.05,6,0.07977293601669318,74
2024-07-08,26.12,0,0.16912705985412071,56
2024-07-09,24.94,1,0.03412725698655448,58
2024-07-10,24.78,2,0.0327197524096733,57
2024-07-11,24.81,3,0.024329187173713872,64
2024-07-12,26.0,4,0.10218769602484272,66
2024-07-13,24.73,5,0.17437429274152288,65
2024-07-14,25.74,6,0.1501509100485086,76
2024-07-15,28.37,0,0.20795589394059705,77
2024-07-16,26.52,1,0.18385355469296802,74
2024-07-17,24.67,2,0.20087798623396935,63
2024-07-18,26.91,3,0.11634226497732564,71
2024-07-19,24.45,4,0.038537798903489164,58
2024-07-20,21.95,5,0.04348421606787549,62
2024-07-21,23.45,6,0.1043888114528711,72
2024-07-22,22.11,0,0.45620503755092934,42
2024-07-23,24.34,1,0.12423265747077922,56
2024-07-24,24.85,2,0.02868065734553505,56
2024-07-25,27.29,3,0.2814061612135515,71
2024-07-26,25.22,4,0.04016642357433484,67
2024-07-27,24.35,5,0.03285575750038494,66
2024-07-28,25.88,6,0.1625792472460476,64
2024-07-29,21.27,0,0.26993342703789214,43
2024-07-30,24.89,1,0.32054178175640213,64
2024-07-31,25.65,2,0.08053956115825496,65
2024-08-01,22.23,3,0.05435366866815066,51
2024-08-02,26.12,4,0.349625156347486,63
2024-08-03,24.87,5,0.2037136361051552,65
2024-08-04,23.7,6,0.09806719252289806,69
2024-08-05,25.23,0,0.3290282714746464,57
2024-08-06,27.64,1,0.29272464843014906,81
2024-08-07,24.47,2,0.09340918771609079,61
2024-08-08,24.53,3,0.1753037085868419,55
2024-08-09,23.42,4,0.07873769912658855,51
2024-08-10,22.8,5,0.07969500648422066,63
2024-08-11,25.28,6,0.09398999871370196,72
2024-08-12,22.71,0,0.22438028347353026,56
2024-08-13,24.07,1,0.2320110389026566,57
2024-08-14,23.2,2,0.05186064510797259,49
2024-08-15,24.6,3,0.21409306567975014,68
2024-08-16,24.35,4,0.06409743552151272,58
2024-08-17,25.37,5,0.24311409490608193,77
2024-08-18,23.01,6,0.3547519496436887,61
2024-08-19,23.34,0,0.16796483696648504,55
2024-08-20,22.24,1,0.1401672993413595,51
2024-08-21,23.01,2,0.2155449783533288,43
2024-08-22,24.21,3,0.0496086309386473,67
2024-08-23,24.75,4,0.2694141425621651,65
2024-08-24,22.2,5,0.37226749064777215,59
2024-08-25,24.85,6,0.24626098409488204,66
2024-08-26,25.55,0,0.26105475724524774,64
2024-08-27,24.11,1,0.3601960970856371,57
2024-08-28,26.28,2,0.22653165315112794,67
2024-08-29,22.28,3,0.04762642911244489,50
2024-08-30,21.54,4,0.18747524090434411,49
2024-08-31,20.72,5,0.23222964053310552,62
2024-09-01,25.6,6,0.11774310280690742,77
2024-09-02,24.32,0,0.14803432274190514,52
2024-09-03,23.23,1,0.187889810469134,60
2024-09-04,23.71,2,0.06727856877759503,63
2024-09-05,21.58,3,0.03939806578877565,62
2024-09-06,26.92,4,0.22653047992613606,62
2024-09-07,23.42,5,0.20437199283996874,67
2024-09-08,23.37,6,0.3459550095417227,55
2024-09-09,24.28,0,0.12453614637575149,60
2024-09-10,23.89,1,0.1468775525074682,53
2024-09-11,23.49,2,0.12832310337743483,64
2024-09-12,21.95,3,0.42009122864239296,44
2024-09-13,23.83,4,0.2603779998116136,47
2024-09-14,25.93,5,0.20580059369426468,73
2024-09-15,25.11,6,0.35370871750487104,63
2024-09-16,25.47,0,0.20387696051983448,66
2024-09-17,22.31,1,0.0819396597355489,39
2024-09-18,21.58,2,0.2392366372615994,46
2024-09-19,22.86,3,0.1317619242198608,41
2024-09-20,23.13,4,0.2531325144579258,51
2024-09-21,24.68,5,0.2240448119228701,79
2024-09-22,20.49,6,0.2299776592936399,56
2024-09-23,25.31,0,0.2297433998177837,57
2024-09-24,22.78,1,0.168266777899087,51
2024-09-25,22.37,2,0.12646595061657856,50
2024-09-26,21.49,3,0.11273675013581662,48
2024-09-27,20.52,4,0.07916037102825568,35
2024-09-28,24.24,5,0.12885432845333097,72
2024-09-29,23.11,6,0.07834938118794647,51
2024-09-30,21.07,0,0.35508162234281565,41
2024-10-01,21.06,1,0.2730073019028088,42
2024-10-02,22.5,2,0.18818381754565425,53
2024-10-03,25.51,3,0.20109381188892553,62
2024-10-04,22.62,4,0.14138869915118793,43
2024-10-05,20.76,5,0.23618946451101896,50
2024-10-06,22.65,6,0.15390121981385887,64
2024-10-07,22.61,0,0.07371765133860683,50
2024-10-08,18.98,1,0.29240541765832523,33
2024-10-09,22.96,2,0.23683661108264079,49
2024-10-10,22.7,3,0.250944433835271,54
2024-10-11,24.1,4,0.39978254252614537,54
2024-10-12,25.84,5,0.13422349343332568,75
2024-10-13,24.77,6,0.10860248639391283,82
2024-10-14,22.69,0,0.29286076771553676,44
2024-10-15,21.44,1,0.41847939571903864,37
2024-10-16,26.98,2,0.4307689493682504,72
2024-10-17,23.22,3,0.3883057798960205,49
2024-10-18,23.17,4,0.20657545032551863,51
2024-10-19,23.13,5,0.32017247891283174,61
2024-10-20,23.48,6,0.010394831352737941,65
2024-10-21,22.98,0,0.40875127774333614,60
2024-10-22,22.36,1,0.10177369368631366,53
2024-10-23,22.42,2,0.06381817508158906,54
2024-10-24,23.21,3,0.16227643472797557,46
2024-10-25,22.46,4,0.1205923537997696,44
2024-10-26,22.23,5,0.14330668428794507,47
2024-10-27,23.48,6,0.07983156648986289,62
2024-10-28,22.97,0,0.2238241391713148,57
2024-10-29,25.63,1,0.059394397275656624,65
2024-10-30,19.42,2,0.11066144606171491,37
2024-10-31,25.06,3,0.09532110336827668,60
2024-11-01,25.32,4,0.1915968564636061,58
2024-11-02,20.37,5,0.5606281347479832,54
2024-11-03,22.99,6,0.20306995990807353,68
2024-11-04,22.98,0,0.55932607962449,44
2024-11-05,21.45,1,0.38832675783952164,47
2024-11-06,22.43,2,0.6745798702123772,54
2024-11-07,21.96,3,0.6622474454587306,46
2024-11-08,26.29,4,0.4915663821994534,69
2024-11-09,25.1,5,0.49461391382852116,86
2024-11-10,25.63,6,0.36349819296108393,74
2024-11-11,24.84,0,0.5284318734785206,61
2024-11-12,22.1,1,0.36566859753536407,45
2024-11-13,23.04,2,0.36118809239388106,53
2024-11-14,24.6,3,0.5745681207969346,61
2024-11-15,22.07,4,0.22417021914402002,49
2024-11-16,25.01,5,0.44872347532126333,67
2024-11-17,23.62,6,0.5531406282410641,67
2024-11-18,23.45,0,0.2619396903595179,61
2024-11-19,25.12,1,0.4871913104265552,63
2024-11-20,24.76,2,0.5865538832832444,64
2024-11-21,23.59,3,0.6183831705836872,53
2024-11-22,25.91,4,0.48617588891232305,67
2024-11-23,22.59,5,0.614179271021536,64
2024-11-24,25.18,6,0.355264074635804,68
2024-11-25,25.19,0,0.4306615085485025,62
2024-11-26,23.88,1,0.4145970132517114,51
2024-11-27,24.88,2,0.39800569417266074,56
2024-11-28,22.55,3,0.5052193304587187,51
2024-11-29,25.86,4,0.2824477229109508,65
2024-11-30,24.24,5,0.5796642286190005,63
2024-12-01,23.78,6,0.4192911504753615,72
2024-12-02,26.18,0,0.6006312846791352,68
2024-12-03,23.6,1,0.6667792262104306,51
2024-12-04,22.59,2,0.2730079147565926,43
2024-12-05,22.41,3,0.32009856285200566,49
2024-12-06,25.7,4,0.29592066927579025,61
2024-12-07,22.92,5,0.246861478196043,64
2024-12-08,27.52,6,0.7274174372325675,80
2024-12-09,21.82,0,0.42194824609761705,37
2024-12-10,27.53,1,0.362375152627251,68
2024-12-11,25.35,2,0.24182505633277884,60
2024-12-12,24.94,3,0.4234541091452181,63
2024-12-13,24.32,4,0.2513973410229313,54
2024-12-14,25.78,5,0.4343793299085416,84
2024-12-15,25.18,6,0.3497021295455437,63
2024-12-16,26.94,0,0.537739515064212,74
2024-12-17,25.51,1,0.37955684150574953,61
2024-12-18,25.61,2,0.7213365931483591,67
2024-12-19,24.89,3,0.3306260535622182,60
2024-12-20,25.4,4,0.612486379110275,67
2024-12-21,26.0,5,0.468477843674408,74
2024-12-22,23.02,6,0.19597289603934387,59
2024-12-23,23.62,0,0.5685588387982071,62
2024-12-24,26.81,1,0.36093480623020685,67
2024-12-25,26.0,2,0.6644605575159719,65
2024-12-26,25.52,3,0.22894021611957496,68
2024-12-27,25.87,4,0.2852566608856757,58
2024-12-28,26.42,5,0.578986257556738,81
2024-12-29,25.14,6,0.3261063217673964,70
2024-12-30,24.83,0,0.329578428969258,59
2024-12-31,26.35,1,0.2800341325998746,66
